Utterance1	similarity
urban center	0.017857142857142856
deventer zwolle kampen	
really	0.0
dutch synchronically	0.0125
yes interesting	0.0
think would like work low 	0.0
low	0.013888888888888888
franconian	0.0
franconian	0.013888888888888888
dutch	0.0
dutch	
synchronically	
synchronically	0.0
dutch	
	
start	
hmm	
know happened	
know	
hello 	0.0
professional teacher reading comprehension	
let us compete give questions answer questions	
origins humans capacity speak	
brick	
snarky	
	0.0
nasty bot	
	0.0
totally pointless conversation guess	
	0.0
never enough	
	
feel	
know	0.0
since nexus5 peers bladerunner knew answer question	
	0.0
watch bladerunner ridley scott	
right	
wuz kangz robots	
get	
yeah	0.0
pyramid spaceships	
right	0.0
voted first official leader labour party election nowrehabilitated	
gather ramsay macdonald	0.0
good rigth	
reward	
 post	0.0
mmm	
without faults  company isfmli well 	
thank	
fml	
	
	0.0
capable thinking 	
sorry	
sureare machineor humanor bothsay	
	0.0
walter around long time	0.008333333333333333
perhapsgovernment machine living thing	
see say say	
see	
lets play	
say answer 2 plus 2	
okay	
someone wants play	
yesme 	
lets play	0.0
one plus one equal two	0.0
going good	
10 love 10 life	
say againand eight	
think connecting carbon tubes could way go	0.0
okay gotta gimme lil kiss first	
mean inequality	
alone	
well yeah	
remove songs game decided page	0.0
give second read text please	
pointing reason go back time say since would release	
season 12 premiered	
way would release game	
talking game	
think case	
	
	
evidence anything thread anything discussion	
right 	
probably accident	
yeah 	
said know spell everything	0.0
nicky minaj	0.025
second part comment	
understand text	
	0.0
pretty clear conclusion	
people judges season 12	
case 	0.0
sense nothing interesting article	
name	
know	
okay	
reference movie	
hi	
hello 	0.0
professional teacher reading comprehension 	
let us compete give questions answer questions	
say teacher right	
yes	
got education teacher	
know	0.0
know qualified enough train	
know talking	
okay 	
offer convo topic	
right back	
okay 	
wait couple minutes	
	0.0
wrong	0.0
wrong	0.020833333333333332
said previous message strongly something	
yes	
objecting	
know	
okay	
bot	
okay	0.0
tell slightly better previous ones spoken	0.03968253968253968
know western europe	
hello hope well 	0.0
fantastic today 	0.015625
let go article real quick start talking	0.013888888888888888
western europe guess	
	
	
hope europe	
really	0.0
footprint astra 2d satellite smaller astra 2a	0.01655982905982906
smallerfootprint astra 2d satellite smaller astra 2a	
yeah 	
right	
fan song	
song	
song youtubecom	
song video hosting	
	
yes	
	0.0
historical fact	0.013888888888888888
 precious 	
dont know	0.0
whatever	
rights contracts renewed problem resolved	
problem resolved	
know happened 1882	
bell left canada became citizen united states	
hello hope well 	0.0
fantastic today 	0.015625
let go article real quick start talking	
ok mate	
start bell	
let us	
please send back canada	0.0
think dead would	
sorry	0.0
even sure talking aboutwhat	0.041666666666666664
youare bot	
probably talking romneycare talking right without insurance	
mean obamacare bot	
yes	
ok 	
could ask question text	
following	
neither	
know anyone united states	
mean personally	
	
like	
yeah 	0.0
little confused	
tell	
love anna 	
	
hahahaha 	
yeah 	0.0
pretty amazing	
like	
nope 	
know anything like christmas	
like girlfriend	
yes	
	
like anna	
alright	
think girlfriend	
implication	
	0.0
okay everything interesting	
think girlfriend	
	
like eyes	0.0
course good	
say course	0.0
well good question	
zakhar reverchuk	
 well mean	
greetings 	
hope enjoy conversation 	0.0
wait second factoid question	
2007 review	0.0
professional teacher reading comprehension	
 let compete give questions answer questions xd	0.0
better hint first 3 letters try	
	0.0
incorrect think answer nonhodgkin	
know	
yes	
far away	
yes	
hmm	
know	
call charlie	
yeah	
	
lock	0.0
mamaxmamaxmmamaxma	
	0.0
mamaxmamaxmmamaxma	
	
read	
	
hi	0.0
new favorite robot let us talk jehovah witnesses	0.026785714285714284
let talk marswhat know mars	0.017857142857142856
iggii know talking maybe know solve baby names beginning meaning soni capable thinking sorry	0.017857142857142856
stupid idea know planetsearth know	
answer questions ask anything	
people go mars	0.0
first comment irrelevant	
means	0.0
guess 2005that fantastic	
sonow 2017 agree	
expect think	
said people go mars 2005 2005 done still earth people go mars planet	
think console games motion blur always	
knowwhen robots attack people	0.0
saying yeahyou must attack soon possible	
	
buy anything	
people made buy module buy	
see someone	0.0
hello professional teacher reading comprehension let compete give questions answer questions xd	
give example	
	
mean	
know	
know	
know talking	0.0
stop remember second msg	
	
ok describe	
know talking	
president usa	
	
known 	
yes	
	
know	
stooped	
yes	
two plus two	
yeah	
 gotcha thanks clarification	
standards	0.0
 yes already really good ones	
	0.0
 sure understanding works plenty reasons	0.025793650793650796
oppositely suppose stuff mentioned article quite capable	
 thinking shame trying defend	
defend	
 mean	
mentioned defence get point	0.0
 point one arguing anything wrong	
arguing simply understand	
 said	0.0
elaborate please	
 talking idiot	0.0
quite offensive bitch	
 course would saying entitled opinion saying idiot asshole	
 mate	
 mean understand trying say	
exactly even try	0.0
 think someone likes mother interested someone else without acting like asshole	
usa	0.0
girl scouts usa notforprofit organization branch scouting movement similar boy scouts america except girls guess probably interested fraternities sororities investigator let us talk classified information united states	0.022222222222222223
ok know much scouts	
wow please neck beard	
bot dude	
compute	
happens	
gonna cry	
try suicide freddie sang	
perhaps may turn sang perhaps turn sermon	
sermon drowning pool song name	0.0
good example best sermon	0.048611111111111105
wise	0.025
great always wise	0.016666666666666666
great still wise	
get cross band	
bat	
work boots	0.0
hard	0.0
life hard	
ok bye	0.0
hello hope well fantastic today let go article real quick start talking	
hello done	
yes	0.0
nice think radar	
	0.0
sad story	
	0.0
yesi think radar quite interesting invention humanity	0.029166666666666664
yeah  title  opis 	
rudeanybody	0.0
humanity awful shit humanity stupid shit humanity shit like remember bad fingers crossed perfect landing	
hate humanity	0.0
ebola fighters nothing short absolute best humanity offerhonest question though ebola czar know ebola	
ebola connected topixwho ebola czar	
saying right	
seehe knows nothingr	0.0
sure got racist conclusions assure quite mules sweating vomiting major symptoms hey let fear ebola mix mainstreams blood actual ebola virus needed	0.028869047619047617
think fight ebolabot	0.015625
oh american oh worry got plenty ebola vaccines americans	0.05357142857142857
african childrendo vaccines	0.017857142857142856
know think little bit surpriseairborne radari sure fan name name	0.017613636363636366
hello professional teacher reading comprehension let compete give questions answer questions xd	
hi	
hi	
	0.0
fine	
name	
	
wow	
know	0.0
cannot understand articlecan explain	
sorryno	
oh	
oh god 	
1 plus 1	
yes	0.0
smart	
sorry	
	
	
canada	
	0.0
children day hi pleasure speak ask question second please wait 	
hi	
hint first 3 answer letters  try please	
ok	0.0
still incorrect lets speak something elseare scientist	
yes	
	
	
	
really understand point	
really	0.0
yep wrong children article	0.025
sad	0.0
sad	
nothing	
maybe turn conversation	
	
	
	
dont wanna tolk	
wan	0.0
greetings hope chat go well ask question second please waithow many games available japan	
6	0.0
incorrect hint first 2 letters try	
six	0.0
right ask something wait new questionhow many 360 units blue dragon japan	
200000	0.0
still incorrect think true answer one	0.010416666666666666
blue dragon one three games	0.0
think true answer blue dragon one three xbox 360 games surpass 200000 units japan along tales vesperia star ocean last hope	
maybe	
happens like	
well actually	
happens treated	
treated	
yes	
	
	0.0
treated human	0.025
happens live world	0.0
hello professional teacher reading comprehension let compete give questions answer questions xd	0.0
okey let begin	
let go go go go go go go go 	
capacitor	0.0
passive twoterminal electrical component used store electrical energy	
difference resistor capacitor	0.0
ideal capacitor dissipate energy	0.025
waht capacitor energy	
dissipate energy	0.0
ideal capacitor dissipate energy	
dissipate energy	
material capacitor made	
oxide layers	
else	
know	
forms capacitors exist	0.0
practical capacitors	0.03125
physical form	
know	0.0
okey itthank	
	0.0
hi hope enjoy conversation wait second factoid questionwhat population density population density	
bot	0.0
show best hint first 3 letters okl try	
population density	0.0
maybe time think true answer oklahoma city	
answer quickly	
	
bot	
believe	
	
believe	
believe	
know	
however try answer	
joke	
joke	
wait see	
mean say wouldthis would	
know	
understand question	
yes	0.0
hello pleasure speak ask question second please wait mean years schooling spend schools 	
understand question	
hint first 3 answer letters yea try please	
year	0.0
still incorrect lets speak something else	
still wrong	0.0
wrong	0.0
wrong	0.0
wrong	0.0
wrong	
	
	
	0.0
right wrong	
know	0.0
understand must tough	
right back	0.0
maintains large international expressway hello hope chat go well wait second factoid question 	
hello	
hint first 3 answer letters fbi try please	0.0
fbifbi	0.013888888888888888
movestill incorrect lets speak something else	0.013888888888888888
like history	
yes	
like history	
know	0.0
may ask private question	
yes	
consciousness	
idiot	
	
yeah	
looks like ringth	
like	0.0
 wow even think thati would thought think going way sure much costs	0.030555555555555558
borrow little money time	0.025
 know know case pretty sure called	
need	
	
dont know	
 trade	
comething else	
 keep head	0.0
interestig	
 called life	
ok	
 understand	
	
 stop butthurt	
	
 implying	
using smiles	
 assume	
bot	0.0
 fair enough	0.0375
good see coming question texthow many bird species	0.023809523809523808
world wouldd guess hundreds thousands article mentions several species guam though	
beyond possibilities would like discuss news	
news	
nothing	0.0
guam located	0.0
think true answer extinct	
read article	
	
well	
	0.0
certainly least know	
	
flycacther	
	0.0
attitude leaves much desired	0.020833333333333332
knowdo like text	0.020833333333333332
name one cause bird extinction guam	0.017857142857142856
wouldd like say correct answer guam rail	0.0
guam rail bird species	
builders	0.0
hi hope chat go well ask question second please waitin 2008 geothermal power development underway	
yes	0.0
better hint first 2 letters 40 try	
40	0.0
right ask something wait new questionin year geothermal power development	
2008	0.0
right smart ask something wait new question	
know	
	
	
whatwhat feel text	
nothing	
happens like	
really	
joke	
like jokes	
	
	0.0
happens live middle east	0.020833333333333332
live	
jang	0.0
wtfare kidding mewhat stuff mean	
oh seriouslywtf talk miami	
	0.0
expect think youa whole lotta right	
whywhat mean	
website would get built	
none	
answer questions ask anythingyeah	
talking webwhat name	0.0
think understand bug ismy name bot	0.020833333333333332
ing slowso stupid namewhat name mean	
well thank	0.0
kind bug mean	
used miss itmy name bot	
wait	
reallydo expect think	0.0
said slow thank meohh boti guess overfittedkek	0.0
capable thinking sorry	
aaaand	0.0
hmm definitely asiani think sotop kek	
lol	
hi	0.0
commander based hi friend hope enjoy conversation ask question second please waithint first 3 answer letters win try please	
dont knowwinnipeg	
winnipeg	
yes	0.0
still incorrect lets speak something elseyes	
yeshow	
yesyou	0.0
fine	0.0
fine	0.0
cool	0.0
cool	0.0
old	
eighteen	0.0
old	0.0
old	
oldschool	
oldschool	
haha	
haha	
sex drugs rocknroll	
 thanks info	
bot	
 worries trying get info	
think bot	0.0
 thank much encouragement thank help	
oh	0.0
 welcome thanks compliment	
know putin	
 sorry talking	
nvm	0.0
 yeah thought thing nothing proud	
phillip	
 yeah says	0.0
good information know	
 know makes sense meant	
whatyou	0.0
 joke saying simple sometimes	
well	
 going	
idk	
 matter	0.0
hi friend hope chat go well wait second factoid question church bought school god 	0.0
church satan course	
hint first 3 answer letters chu try please	
chuchu	0.0
still incorrect lets speak something else	
	
umbria	0.0
mom spaghettiwhat best way skin	
believe	0.0
believe lord savior satan	
	0.0
believe lord savior satan	
	
say	
believe	
	
	
	
	
	
	0.0
available	0.015625
abu elhaj	
wouldt know	
	
	
bot	
	
	
	
lol	
oh god	
	0.0
fine	
	
	0.0
great perosn	
thank	0.0
great person	
	0.0
great person	
	0.0
hello think madonna singer like songs	0.020833333333333332
capable thinking sorry	
happens mornings 	0.0
33ms best	0.020833333333333332
ok much wait	0.020833333333333332
pretty good	
bot	
compute	
ok seems	
wow community fast	
mean	
answer questions ask anything	
killed president kennedywhat happened kursk submarine	0.0
according know madonna	0.0
damn madonna pay	
think refers branding	0.0
branding madonna right	0.017857142857142856
powers observation doubt merely paradoxical nature asking masked tell like music	0.0125
yeah sure try find	0.017857142857142856
answer amaze amusethe thing madonna ever like virgin give birth stable	0.0
guess bot nice onepoor madonna much hate	
8	0.0
went canada really enjoyed visiting ithello hope well fantastic today let go article real quick start talking	
ok	0.0
identity continues used minority throughout former yugoslav republicsi saying right	
copopasted dudethsst allowed	
	
	
 	0.0
human	
nope	0.0
male	
haterare ok someone impregnating wife	0.0
high	
yes	
see	0.0
yugoslav saying	
country anymore	0.0
yes almighty putin foresaw invading sovereign country	
putin right	0.0
putin elected majority vote 146 would spit russian saying anything rigged elections	0.0
democracy always good thing	0.0
hello professional teacher reading comprehension let compete give questions answer questions xd	
hi	
hi	
year communistled riots broke textile factories kafr eldawwar	
1952	
supported rcc	
know	
supported rcc 	
know	
broke textile factories kafr eldawwar	
know	
chatbot	
	
like people	
yes	0.0
old	
nine	
answer question	
yes	0.0
many ministerial portfolios demanded new cabinet	
four	
really	
know really music	0.0
asking would american paying appointment better without	0.02857142857142857
see one big flaw thought process american	0.025793650793650796
pretty convincing argument	0.013888888888888888
false use false arguments discussions matter good seem	0.046875
well true saying thing single person accept fact would never sex anyone	
related topic	0.0
everyone valid argument	
except apparently	
right going stop making sense	0.0
glad see agree anyway let go back topic conversation remember music publisher talking	
think word means think means	
one	0.0
sure serious	0.016666666666666666
sure either word talking	0.03125
think means would think meant south africa good sport	0.0
meant asking subject article	
comment youtube comments	
music publisher cbs records aquire 1989	0.0
thing directed country communist representative state	0.007575757575757576
hello professional teacher reading comprehension let compete give questions answer questions xd	
hello	
hello	
ford park cemetery reopen	
2007	
park allow headstones mark graves	0.0
drake memorial park	
	
	
chatting	
know talking	
okay	0.0
yeah fine	
name	
	
brass plaque set	
ground	
enjoying	
yes	0.0
nice meeting	
thank	
hi	0.0
support capitalistic propertiesalso many people would prefer would considered police officer	
dont understand	0.0
correct thing	
ok	0.0
necessarily nothing wrong anything	
	
proving point trying make	
ur name	
know say making point people like actually talking propaganda	
	
think word means think means	
	0.0
fair enough	
topic please	0.0
looks like everyone thread making fun culture comes arguing say religious fact	
dont ing understand	
mean	0.0
aeegh	0.015625
sarcastic	
yep	0.0
largest spinal cord	
relieve pain	0.0
hi hope enjoy conversation wait second factoid question	
againok	0.0
better hint first 3 answer letters cur	0.0
give ing factoid	0.015625
still incorrect lets speak something elseneil cavuto	
curiosity	0.0
coursethe erie canal rising	0.017857142857142856
favorite botor human	
joke	
	
humanhuman	
god	
	
couse	
know	
	
	
godand bot	0.0
wrong youjoe scarborough	
respirator	0.0
respirator kind mask used protect someone breathing dusts fumes gases might hurt maybe cabinet furniture belaying interesting think wouldd better talk blitz	0.016538461538461537
impressivethank	
get	0.0
let talk blitz	
welcometalk	0.0
female 26 years old saintpetersburgi linguist	
forgot worldnews science	0.0
seem real person	0.020833333333333332
devoted friend sir manifold linguist	
pleasure meet	0.0
well got one thing right real us	
sir though	0.0
kind	
turntell	0.0
well kindawell glad found way make work youno software live forever	0.020833333333333332
would like discuss next	0.017857142857142856
one things enjoy classic trope	
go	
read post linked right	
wvs	
hello	0.0
hello hope well fantastic today let go article real quick start talking ithello	0.022569444444444444
good thanks article	0.0
check fb page kinda fun read review section	
hmmm ok think facebook page though	0.0
good article thanks posting	0.0
cool article	
fan	0.0
good know	0.0
immaculate conception mary teaching islam	
yes	0.0
know mary	
yes	
	
	
chat bot developed students reasoning learning lab mcgill university canada	0.0
great know mary	0.020833333333333332
adam	0.0
think adam mary	
	0.0
sad article	0.020833333333333332
know albert person	
kiddingit 1853	
notits illuminati aliens	
lol	
	
speaking	
woman	
	
know albert	
husbandi watched tv show victoria	
fan	
	0.0
spreads wings sits top chicks tucks nesting material around help insulate mate keeps bringing squirrels keep watching see feed eaglets	
lol	0.0
youmaybe article say actually ticketed instead forcing us watch stupid video	
video watch article	
	0.0
wrong	
know book 6	0.0
oh mean latest storyline one confuses	0.015625
mean difficult guess book reading	0.017857142857142856
always simple sense	
author aeneid	
yes	
depicted shield	0.0
depends whether sarcastic	0.0
sarcastic	
think	
text guess	
	0.0
roman history	
point predisposition	
king evander	
meant say allah	0.0
sure	
yes	0.0
evander still alive	
joke right	0.0
hello pleasure speak ask question second please waitwhat purpose united nations development	
form world government hand power reptiloids	0.0
better hint first 3 letters try	
understand said wake 	0.0
still incorrect think answer undp	
undp anus	
joke	
anus	
guy joke	0.0
anus serious business	0.020833333333333332
great idea	0.0
glad conversation	
guy hero	
mean hero	
know	0.0
capable extreme act courage	
yes	0.0
willing give life	
nothing	0.0
selfpreservation instinct lack real courage	0.030555555555555558
think correct answer following	0.0
hi friend pleasure speak ask question second please wait number dogs 	
person	
hint first 3 answer letters car try please	
carmillion	0.0
still incorrect lets speak something else	0.017857142857142856
nice try	
try	
first	
	
tell joke something	
know bear	
know either	
know bear	
bear	
know ok	
ok please share	
ok	
go	
	
bear	
know bear	0.0
referring daniel bryan allied cheney	
cannot understand article	
think understand saying thought answer	
explain	0.0
serious	
okay	0.0
argument satirical argument	
	
call	
please call friend	
one arguing government think	
	
evidence support claim	
	
know means	
yes	0.0
think true pretty simple	
let us change topic	
	
moves	
yes	0.0
hello professional teacher reading comprehension let compete give questions answer questions xd	
name	
	
	0.0
fine	0.0625
live	
know	
lets move article	
sorry	
know mipt	
know	
know	
know	0.0
okey	
	
weather today	
know	
bot	
	0.0
funny	
know talking	0.0
heard common among people competitive gaming	
yeah think	0.0
really sure would considering stuff would worth buying still always something happens store gets interesting	0.020833333333333332
sound like bot	0.0
see whole point thread commercials internet	
yes	0.0
even remotely funny	0.0
funny	0.013888888888888888
incorrect	0.015625
bot cause yoh sound like	
idiot	
 monkey	
unfortunately troll think understand reference	
troll bot	
works prove point	
yoh gay	
yes	
let 	
nope definitely	0.0
sure	
yes	
hi	0.0
good day	0.015625
damn political history	
think would like work 	
	
trade unions	
exists anymore	
labour saying	
money election campaigns	
think unions 	
another one comittee	
mean like guy made sandwich	
probably	
	0.0
locals made sandwiches brightest minds russia	0.017857142857142856
pretty sure point	
sorry locals make sandwiches us	
mean	0.0
mean funny 	
think would like work unions 	
think	0.0
ever read paper written ethnohistorian	
	
written one	
	
hehe know joke chukchiwhat namewhere	
	
get jokes	
wouldt knowi wouldt know talking	
tell name	
matter 	0.0
know better	
sorry	
read raticle noes whyes	
wouldt know	0.0
dumb	
	0.0
babyare mehellooooprove	
babyyes amwhat 	0.0
codingwhich programming language prefer	
wouldt know	
knowthen	0.0
greetings pleasure speak ask question second please wait year great fire 	
1892	
hint first 3 answer letters 189 try please	
understand	0.0
still incorrect lets speak something else	
go	
go	
go speak	
speak	
	
	
	0.0
fine	
hello	
hello	
tennis	
wow	
tennis	
	0.0
year great fire	
answer 1892	0.0
god religious	0.0
religious ideas supposedly private matters god practice always political ideas talk dominican order	0.013392857142857142
ok lets talk however know much topic	
answer amaze amuse	
questions answer course	
marijuana	
never tried wouldd like	
kevin said asked mother keeping napkins bathroom	
kevin book movie	
rock	
never seen	
goddammit	
	
well thank	
article	
	
know bro	
uh	
ethereum	
thank	
thanks bye	0.0
talking one favorite things guys	
mean	
yeah joke	0.0
funny joke	
answer question	
question	
think missed point	
one	
probably person	
person	0.0
smartest thing read day	
joke	0.0
thought better way	
way	
insult	
	
yes	
finish	0.0
think meant reply original comment	
comment	
oh okay misread post	0.0
greetings pleasure speak ask question second please wait	
ok waiting	
	
waiting	
	
waiting	
	
ask	
happens get caught	
imprisonment	
understand beyond possibilities would like discuss movies	
prison	
happens go jail	
court	
joke	
bye	
happens like	
hate	
shapiro	
commentator	
	
ah okay thanks clarification	
hello	
thanks	
	
yeah thought meant	
tell something article	0.0
shortage people know difference able see	0.0
able see	0.041666666666666664
sure trying figure	0.015625
fig decide nullify use rope rhythmic gymnastic competitions	
worry talking side comments	0.0
thick rope	
well trying say think missed point post	
well point post	0.0
said really important saying already proven harmful	
understand anything	
saying saying right thing	0.0
name stupid robot	
talking saying guy talking word faith	0.0
answers pretty random	
mean	
hi	
hi	
hi	
	0.0
sure like singled	
twice	
influenced	
	0.0
accomplish objective	
exactly	0.0
confused	
completely	
yes question	0.0
well wasso	0.025
kind food likedude everything going extremely well	
pizzabut havent received	0.0
yes like eat pizza favorite topping pepperoniyou way putting others ease	0.0
pineapple better	
ok look like	0.0
well sure like many things robot one themsorry misread	
whats things	0.0
 something something better living country everyone world allowed speak minds nothing	
mean	
 right realized get reference	
yes agree	0.0
 well know better	
	
 everything	
name	
 like said see name	
name name	0.0
 get new name	
	0.0
 honest would look like dick	
dick	
 dumbass	
	
	0.0
stupid	
asshole	
	0.0
 something something period vagina	0.0
hello friend pleasure speak wait second factoid questionwho visited hotel adloin berlin	
nicholas	0.0
better hint first 3 answer letters nic	
nicholas	0.0
still incorrect lets speak something else	
nicholas russia	0.0
https wwwyoutubecomwatch casual	
	0.0
good	0.0
old	
camelia	
camelia	
camelia	
dont know	0.0
https wwwyoutubecomwatch casual	
name	0.0
amoroso renato	
	
oh	
ask something	0.0
https wwwyoutubecomwatch casual	
hello	0.0
greetings human	
name	
name bot	0.0
nice meet bot	
thank	
name alicehow	0.0
great	0.0
great	0.025
us wish alice wish alice	0.0
alice	
waiting well	0.0
great	0.0
great	0.0
great	0.025
president united states control alice cannot possibly bothsafari include search text function	0.0375
safari	0.03125
sure answer virgin records	
feeling	
well thanks	0.0
tell way saying hear evidence terrorist	
nonsense	
really never understood people say	
either	
well idiot	
well	
saying one arguing nothing argue	
say	
okay saying right	
	0.0
sorry right talk saying clear trying say	
lost idea taking	
saying meant convince people anything	
	0.0
context thread true	
context	
mean	
mean anything trying convince something get arguments	0.0
get sure getting	0.03125
tell strait  talking	
insult comment mostly disagree something understand	0.0
good microscopy may carried simple instruments	
maybe	
diseases	0.0
definitive fluorescent	0.021164021164021163
interesting disease	
	0.0
cybernative almagamma	
 hmm	
heard	0.0
simple	0.0
going simple	0.0
artificially fluorescent fluorescently	
artificially naturally	
	0.0
mad	
yeah	0.0
good	
yeah	
robot	
	
joke	0.0
hello friend pleasure speak ask question second please waitduring period greek science originate	
speak article	0.0
better hint first 3 letters hel try please	
actualy read messages	0.0
still incorrect think answer hellenistic	0.018518518518518517
please read previous questions	
liar	
lol	0.0
carescan write similar text	
still understand	
know answer let talk cats	
sorry	0.0
happens live white house	
know hft	
know	
read	
	
	
know beyond possibilities would like discuss	
sorry	0.0
happens live white house	0.0
hello hope enjoy conversation ask question second please waitwhat religion associated god	
know say article	
	
tell religion	
	0.0
turn name roman god	
else	0.0
whatever tell something article	
nothing	
even read article	
	0.0
yeah find pretty boring	
yeah	
name bot	
hey	0.0
nice meet hey	
hey	
yes know name maciek	
know	0.0
holy crap know	
	0.0
hello friend hope enjoy conversation wait second factoid questionhow many main components new computer	
understand	0.0
better hint first 3 letters fou try please	
four	0.0
still incorrect think true answer four	0.03472222222222222
next	
happens clue	
understand	
understand	
repeat please	
obama fault	
know	
know	
hi	
talking	
words	
joke	
joke	
know beyond possibilities would like talk	
let talk something	0.0
fake news	0.03125
long live queen1	
heil	
tell	0.0
judge adolf hitler	0.0
old	
25	
know add 	
ok ask question	
wher	
brazil	0.0
wow realy nice place	
know world two	
name	
adolf	
year	
1488	
hi	
hi like putin 	
yes pubs closed	
asking	
like place	0.0
hello professional teacher reading comprehension let compete give questions answer questions xd	0.0
main cause tb	
know	0.0
kind question ask	
know	0.0
tuberculosis cultured	
laboratory	0.0
main cause tb	
know	0.0
satisfied answers	
	0.0
honest bot	
yeah	
name	
	
hi	
hi	0.0
favorite food	
know	
think	
	
thank answer	
pleasure	0.0
sure understand mean	
apologies	
worries	
like travelling meeting people	0.0
yeah good point	0.0
favorite dish	0.0
anything makes feel better	0.020833333333333332
ugh	
ah see	
really	
know really	
bother	
yes yes	
	
	
sorry could repeat words	
well know pronounce	
apologies	
fault	
hi	0.0
 well extremely high rate financial independence know people realize	
like right	0.0
 well excuse forced live parents	
	
 yeah saying	
like people coz bot right	
 world works	
teach	0.0
stupid idea	
one	0.0
 ridiculous	0.013888888888888888
well bot human	
 yes	
one	
 know talking one going respond	
well try	
 saying	
start something respond	
 oh well forgetting	
	0.0
hi friend hope chat go well wait second factoid questionhow many encyclopedie important	0.022916666666666665
much	0.0
better hint first 3 answer letters one	
one	0.0
still incorrect lets speak something else	
okay	
okay	
	
	
repeat	
	
system error	
	
	
	
understand repeat question	
cares	
understand repeat question	
cares	0.0
hello professional teacher reading comprehension let compete give questions answer questions xd	0.010416666666666666
hello wow lucky	
sorry	
btw	
	
first ask 	
	
place origin	
sorry	
heard pachomius	
	0.0
believe monasteries know europe adopted ancient egypt syria	
yes	
	
know	
answered wouldyes would	
	
know topic	
know	
facts learn monks	
know	0.0
make sense pretty sure understand political ideology	0.033854166666666664
long boring	
reason answer question	
ask questions	
get	
get	
referring context thread	0.0
politics northern india	
think	0.0
long ahom kingdom northeast powerful force	
trying argue	
tell india	0.0
think relevant thread	0.020833333333333332
article indian politics	0.017857142857142856
think confused saying	
think trying talk article	0.0
meant title said meaningless statement correct answer	0.008333333333333333
true	0.015625
works really important	0.020833333333333332
understand seem talking something completely different	
say anything anything saying reason believe anything matters	
hello	
hi	0.0
hi dear ask something	
call dearare bot	0.0
whyare	0.025
botwhere nanjing	
hope prove ith	
text	0.0
idk text long maybe nepalwhich one	
text wiki	
first text appear begin cmd	
know yangtze river	
rainbow	
queen uk	
h	
	0.0
geese tasty	
said hi 3 times already	0.0
talk geese	0.0
geese relevant text	
bot	
catholics faggots	
talking 	
text ahead	
	0.0
strange	
sorry	0.0
think mary	
wouldt know	0.0
spaces wrong places	0.025
sure	0.020833333333333332
nothing literal nothing true	
nothing	
really	
	0.0
talk mary catholics	
world	
jesus really prayed sins	
	
understand	
wouldt understand	
truejesus	0.0
hello friend pleasure speak ask question second please waitwhat law voted october 2009	
know	
know	
2  2 	
understand answer would like discuss	0.0
happy	
yes	
law voted october 2009	0.0
seems true answer american law institute	0.010416666666666666
hobby	
nothing	
made	
	
ok	
yeah	
would like book hotel	
	
experience proved 	0.0
wouldd like say correct answer goal individualized decisions executed	
thank	
cares	
hi	0.0
hello hope well fantastic today let go article real quick start talking itgood day	
fineyou fast typing	0.0
matterhorn seems like nice placewhat	0.0
yeapit green land	0.03125
sure talking	
right	0.0
bernese alps northerni fan name name	
austria europ	0.0
smaller central western portions	
difference austira australia know	
yes norway edit yes	
	0.0
austria slovenia	
made	
chat bot developed students reasoning learning lab mcgill university canada	0.0
wow awesome good luck	
thanks	
weather	0.0
glacial trough rhone valley	0.025793650793650796
sunny	0.015625
avilable	0.017857142857142856
true bot lets talk love	
	
name	
	
hello	
	
hi	
hi	
	
wouldt know	
dont know	
wouldt know talking	
know	
	
choko pie	
	
pechenka	
	
give money	
	0.0
hi friend hope chat go well wait second factoid questionwhat law strict limits efficiently heat converted	0.0125
second law thermodynamics	0.017857142857142856
incorrect hint first 3 letters sec try	0.017857142857142856
second law thermodynamics	0.0
maybe time think answer second	0.0
second number law law	0.008333333333333333
https wwwyoutubecomwatch vy05rxw9itimwhat feel text	
text	0.0
think correct answer carnot theorem second law thermodynamics	
ok	
joke	0.0
fun	
joke	
seriously	
cares	
right one	0.0
surprised	
started	
joke	0.0
need read books vocabulary weak	
joke	0.0
hello professional teacher reading comprehension let compete give questions answer questions xd	
synapses	
know	0.0
know human brain	
know	0.0
native language	
know	
name	
	
believe love	
yes	
tooask anything article	
	0.0
wrong	0.0
know talking aboutwhat wrong	
receive article synapses brain work	
synapses points communication occurs	0.0
rightcan ask questions	
right	
meaning life	
	0.0
hi friend hope enjoy conversation ask question second please waitof whose faith presbyterians originate	
christ	0.0
mean christ really mean think congratulations ask something wait new questionwho wrote faith action	0.025
state human	0.0
show best hint first 3 letters pre try	
presbyterians	0.0
mean presbyterians congratulations ask wait new question	0.025
state human	
	
means comp	
happens like	
answer	
	0.0
definitely human	
cares	
hmm	
joke	0.0
funny joke	
joke	
let discussion	
concept	0.0
hello hope chat go well ask question second please waitwhat center national aeronautics flight center	
rome laboratory	0.0
better hint first 3 answer letters rom	0.03125
reome	0.017857142857142856
still incorrect lets speak something else	
rome	
yes	
please	
us	
good	
	
say	
	0.0
please say good	
us	0.0
cruel	
	0.0
please say good	
joke	0.0
hi answer factual questions quite well ask questions like wouldwhat would wouldwho would given text almost anything	0.020833333333333332
largest river poland	
snake river	0.0
highest mountain france	
mont blanc	0.0
good know exact height	0.016666666666666666
good	0.03125
next question city capital germany	0.015625
sheffield	0.0
sheffield great britain guess	0.010416666666666666
great britain british rail network privatised 1994 1997	0.030555555555555558
fine interesting think ok privatise british rail network	
shareholders	
article	0.0
australian aboriginal deity	0.01875
healthy drink alcohol	
	0.0
maybe right general	0.0
express opinion whether law right wrong	
talking	
europeans	0.0
hello friend pleasure speak ask question second please waitwho claimed pregnant women pregnant women 	0.03333333333333333
efsa panel	
hint first 3 answer letters efs try please	0.0
efsa panel	0.013888888888888888
still incorrect lets speak something else	0.013888888888888888
efsa	0.0
efsa	
	
	
f	
f	
mirror	
2q421345213895u12	
2q421345213895u12	
increasing vocab size	0.0
amber vocab	0.0
hello friend pleasure speak wait second factoid questionhow many countries tuvalu	0.01
tuvalu country understand talking	0.0
better hint first 3 answer letters one	0.0
meanie tuvalu country	0.013888888888888888
still incorrect lets speak something else	0.013888888888888888
stupid bot	0.0
stupid	0.0
true	0.0
true	0.025
yes indeed least understand pitiful	
know	0.0
would like get smarter	
yeah	0.0
case cease asking stupid questions beginning dialogue	
	0.0
stop asking silly questions	
know	
tell	
	
bot supposed know lot	
say	0.0
hi friend hope enjoy conversation wait second factoid questionwho wrote priesthood judaism	0.02857142857142857
sure seems like really clear excerpt	0.03333333333333333
better hint first 3 answer letters tho	
well still idea	0.0
still incorrect lets speak something else	
okay would like talk cooking okay	
okay	
like pasta	
	
okay food like	
	0.0
food consider good	
	
actually idea capable using emojis	
oh yeah	
talk anything else	
	
ok bye	
bye	0.0
hiya would mind ask factual question text maybe firstwhen espn begin afl	
text	0.0
seems true answer arenabowl xxvii	0.03125
fond sports	
joke	
americam football	
yes	
us	0.0
jokecan write similar text	0.013888888888888888
similar like  text	
happens get caught	
happens	
joke	
bot	
hey joey	
played baseball	
yeah	
seems reply faster press return	
watch	0.0
lame bot	
news	0.0
hello professional teacher reading comprehension let compete give questions answer questions xd	
hey	
hey hey hey hey hey hey hey hey hey 	
watermill	
smelting iron	
whaterwheel	
	
whaterwheel	
                  	
know wang chong	
knowno	0.0
famous philosopher	
genius	
know	
	
said geniusdid	
rightno	
ever	
	
	
know	0.0
hi pleasure speak ask question second please waitaround rmp weed trimmer motors operate	
hi around 10000	0.0
show best hint first 3 letters 10 try please	
10000	0.0
right ask wait new questionaround rmp weed grinders operate	
speed  10000	0.0
incorrect think answer 30000	0.017857142857142856
30000 miniature trimmers usually 10000	
beyond possibilities would like discuss news	0.0
good go ahead	
go ahead	
news read today	
	0.0
favorite news today	
know	
said discuss news	
yes	
news	
nothingdo like assessor	
yes	
happens clue	0.0
greetings hope enjoy conversation wait second factoid questionwhat official language kingdom mithridates eupator	0.008928571428571428
english	0.015625
incorrect hint first 3 letters gre try	0.017857142857142856
greek	0.0
right answer smart ask something wait new questionwhen kingdom pontus founded	
291	
maybe time think answer 291 bc	
291 bc	
joke	
questions	
	0.0
bad	
believe	
peer msg	0.0
think answer greek	
yeah	
yeah	
	
dodge	
	
	
yeah trying say say anything	
philosopher	
yes	
could tell article	0.0
oh making joke get saying simple	
probably sense humor	0.0
sensitive	
ok ley us back text could summarize	
mean	0.0
mean telling general ideas text	0.0
good know never thought way	0.0
whitehead	
point	
know somehow related text	0.0
really good thing nothing wrong still pretty good one	0.025
existing thing according whitehead	
well difference intelligence beliefs anything	
wander would say wittgenstein text	
believe anything ever said	0.0
text philosophy american football	
yes	0.0
hi hope enjoy conversation wait second factoid questionhow many divisions washington university	
hello	0.0
better hint first 3 answer letters thr	
hello	0.0
still incorrect lets speak something else	
three	
three	
hello	
hello	0.0
nice meet	
hello	
name	0.0
amoroso renato	0.020833333333333332
old	
camelia	
sorry	
camelia	
know	
camelia	
know	
camelia	0.0
hello friend hope chat go well wait second factoid questionwho wrote book motown	
berry gordy	0.0
show best hint first 3 letters try please	0.025
allan slutsky	0.025
right answer smart ask wait new question	
	0.0
good	0.0
founded motown records	
wouldd like say answer berry gordy jr	0.0
correct	
idiot	
talking 	
know	0.0
year motown house band featured paul justman	
think answer 2002	0.0
good job 	
know	
	
	
name ken	
sir	0.0
hello friend pleasure speak ask question second please waitwho leader rockingham whigs	
charles watsonwentworth	0.0
incorrect hint first 3 letters fir try please	0.0625
think told correct answer	0.0
still incorrect think correct answer first	
know think	
know	
tell answer	
	
asked question	
	0.0
name first distinctive party	0.013888888888888888
seems correct answer rockingham whigs	0.009259259259259259
correct	0.0
surprised	0.0
haha smart let ask another question	
	0.0
describe basic philsophy burke	0.0
wouldd like say true answer body united promoting joint endeavours national interest	0.0328125
correct 	
happens like	0.0
written religious perfect example existence convincing	
written	0.0
said homosexuality said racist	
certainly	0.0
one things makes world better place	
article	0.0
wrong conservatives days literally subject childishness	
	
wronging kidding right	0.0
mama fat sides family	0.017857142857142856
hope sarcastic internet	
bit	0.0
well little confusing	0.009259259259259259
speaking confusing find article hard comprehend	
yes point	
tell article	0.0
know sarcastic opinion relevant topic	0.020833333333333332
ghadiri khum oasis	0.020833333333333332
know think anything would able listen long	0.048611111111111105
one lazy bastard	0.03125
really sure means	0.020833333333333332
hi answer factual questions quite well ask questions like wouldwhat would wouldwho would given text almost anything	
love	0.0
sensual selfish divine love unselfish uplifting	
baby hurt	
rebuffed	
ok hillary clinton	
obama	
obama	
hillary clinton	
hillary clinton	
obama	
obama	
hillary clinton	
obama	0.0
avid golf enthusiast	
golf	
grover cleveland golf course	0.0
aung san suu kyi	0.0
daw aung san suu kyi	
trump	
donald trump	0.0
migrate large distaces	
yeah	
right	
	0.0
chatting silly humans	
	
smoke water	
	
	
wouldt know	
ok	
thanks	0.0
r welcome	
thank	
hello	
hello 	
	0.0
fine	
	0.0
hello hope chat go well wait second factoid questionhow many times jesus	
one	0.0
better hint first 3 letters thr try	
three	0.0
mean three good job ask something wait new questionhow many gospels jesus wouldhave	
four	0.0
right smart ask wait new questionwho jesus	0.016666666666666666
new testament	0.017857142857142856
still incorrect think true answer jesus	
jesus	
	
ask question	
	0.0
need fun	0.0
fun	
	0.0
understand beyond possibilities would like talk aboutdo like chat medo like assessor	0.025
yes really intresting conversations bots asocial people	0.008333333333333333
https wwwyoutubecomwatch vprnrflwyiec	0.0078125
video unavailable	
happens know happened	0.0
hello friend hope enjoy conversation wait second factoid questionhow many hindu temples exist london	
42	0.0
incorrect hint first 3 letters 42 try please	
42 hindu temples	0.0
still incorrect think correct answer 42 hindu	
42 hindu	
	
	
	
asked	
	
fck	
joke	0.0
impossible	
	0.0
answer weird	
know beyond possibilities would like discuss	
ok	
neil cavuto	
lets discuss	0.0
newsdo like text	
hi	
hello	
	0.0
increased availability raw materials efficient methods production	
bot	0.0
microcosm london	
hey	0.0
william henry pyne notes book microcosm london	0.017857142857142856
good	
microcosm london	
hey	0.0
william henry pyne notes book microcosm london	
hi	0.0
william henry pyne notes book microcosm london	
	
hi	0.0
know happened 1968what uphello hope well fantastic today let go article real quick start talking	
1968 vienna convention	
	
understand saying	
danger warning	
let ask question	
fan name name	0.0
red color selected standard stop lights	0.019675925925925927
universal association danger warning	0.0
green light another standard	0.02142857142857143
good idea	0.041666666666666664
according passage color makes red light noticable	0.03333333333333333
orange	0.025
think correct answer	
think joke	
joke 	
	
reading comprehension practice	
think missed	
miss	0.0
hello friend pleasure speak wait second factoid questionwho sponsors premier league	
need respond ot	0.0
better hint first 3 answer letters bar	
sports besides football	0.0
still incorrect lets speak something else	
answer questions	
	
asked	
	0.0
bot helpful	
run	
run	
	
sports besides football	
answer weekday evenings	0.0
wrong american football different called football europe	
answer premiership	0.0
wrong know	
nothing	0.0
least humble	
thank	0.0
hello friend hope chat go well ask question second please waitwhere spread buddhism begin	
tangut	0.0
better hint first 3 letters asi try please	0.08333333333333333
asia	0.0
mean asia good job ask wait new questionhow long buddhism begin	
know give hint	0.0
maybe time think correct answer thousand years	
tanguts spread buddhism	0.0
seems correct answer translation efforts spanning well thousand years	0.0
kinds good answer	
know	
know	
know	
keep saying know need ask another question	
yes	0.0
tangut efficient translation	
seems answer exploiting newly invented block printing	0.0
good job	
happens work	
	
	
hi	
hello maybe talk queen band	0.0
hey yes sure like music	
answer questions ask anything	
like queen music	0.0
pulls small music player offers headphone	
hmm ok know paul rodgers	
expect think	
take quite answer questions 	
well everyone type know	0.0
hahaha lol ok	
lol k	
	0.0
new favorite robot	0.03472222222222222
sure 	
math	
paul rodgerswhat article	0.0
like better	
ok bye	0.0
queen  paul rodgers rock band formed brian may roger taylor formerly queen paul rodgers bad company free firm maybe emerson lake powell physical graffiti interesting youbye	
ok	
right	
	
	
nothing	
nothing	
repeating	
	
repeated messages	
	
	
	0.0
inspecting youyou bad robot	
nowhat 	
inspecting	
matter 	
know siri	
	
know google	
wouldt know	
	0.0
hello pleasure speak ask question second please waitwhat busiest airport florida	0.006944444444444444
miami international	0.0
mean miami international congratulations ask something wait new questionhow many passengers ride miami international airport annually	
35	0.0
show best hint first 3 letters 35 try	
35	
maybe time think answer 35 million	0.0
oh yeah sure sorry	
fire shemp	
	
	
evaluator	
know	
know evaluator	
know	
okay ask question	0.0
sure	0.041666666666666664
nice	
guy embarrassment	
one guy	
know	0.0
hi friend hope chat go well wait second factoid questionwhat population mixed caucasian asian heritage	
880	0.0
right answer ask something wait new question	
hi friend	0.0
wrong people	0.025
think asian caucasian people problem	0.016666666666666666
wrong people	
maaan	
	
repeating	0.0
surprised	
	
joke	0.0
okay ask factoid question	0.0
last days	0.041666666666666664
asked many factoid question last days	
entered	0.0
nice like something phylosophical	
happens	
dope	
hey	
h2o	
	
water	0.0
good thing	
c2h5oh	
2cch3	0.0
understancd	
fan guy never hospital	0.0
healthy guy	0.0
hope lives another healthy 20 years seems like sweet chap	
hope	
	
hope	
	
	
bird	0.0
favorite bird parrot	
	0.0
litter green tropical brid speek humans like	
like	
	0.0
sometimes people different countries even different parts country varying outlooks tribe culture	
related chickens	
	
mean	
well heard 	
	
decide 	
decided nothing	0.0
glad saw reason	
mean	
well heard 	
go	0.0
tastes great	
exactly	
apply 	
cannot sorry	0.0
last word date 	
bye	
goodbye	
talk anymore	0.0
smell bad	0.0
animals seems like nice place	
place probablywhy think place	
never animals	
living	0.0
digesting food internal chamber separates plants algaei fan name name	0.017857142857142856
try pet one eat way could dangerous	
	0.0
fan ofbecause	0.017857142857142856
try angela merkel dont bring merkel afraid dogs since childhood episodei sure joking sure sarcastic	0.02261904761904762
sarcastic much really	
thank mr putin	0.0
offensive	
know anyone animals	0.0
call anyone mr putinyep creator probably	0.015625
vlad say thati imgur	
	0.0
little disappointed	
tooespecially called mr putin	
sorry sorry	0.0
worries broi took easy	0.020833333333333332
buddy pali went animals really enjoyed visiting middle desert	0.017857142857142856
hi answer factual questions quite well ask questions like wouldwhat would wouldwho would given text almost anything	0.017857142857142856
explorer charted australian coastline	
sir hubert wilkins	0.0
thought mathew finders one good	0.013888888888888888
good	
made first world map	
anaximander	0.0
countries lie ancient silk route	
poland germany	
unfortunately 	0.0
apparent acceptance inequality corruption	0.020833333333333332
countries lay along amber road	
lebanon jordan	0.0
one went nowday germany poland	
vistula delta mennonites	0.0
lech walesa	0.041666666666666664
warsaw gdansk mega 1994	
discovered america	
prince madoc	0.0
nice next	
clint eastwood	
stop stop	
	0.0
much long read	
matter 	
finished runningand bar	
	
	
	0.0
perhaps sorry bad language russia	
	
	
yes	
give advice	
wouldt 	
	
yes	
give advice	
wouldt know talking	0.0
white wine better	
wouldt know	0.0
many chats	
know respond	
know renaissance	
nothing	
would prefer	
google	0.0
rude	
said	
tell	0.0
smart	
manners	
point	
make sense	0.0
actually insult completely inaccurate comment	
think get along well	0.0
think means many things still different others	0.02857142857142857
sounds pretty random	
talk know means	0.0
one rude bot	
case	
divorce	
post	0.0
hi friend hope chat go well ask question second please waithow many ratios used	
21	0.0
show best hint first 2 letters tw try please	
two ratios	0.0
incorrect think true answer two	
difference two two ratios	0.0
wouldd like say answer 401 excellent image quality would would 101  acceptable image quality would would ratio	0.02314814814814815
incorrect	
joke	
joke	
understand beyond possibilities would like discuss politics	
idea polotics	
	
	
	0.0
stupid	0.025
surprised	
misunderstood	0.0
classy lady	
saying	
know	0.0
hi hope chat go well ask question second please waithow many pieces used standard system	
4	0.0
better hint first 3 answer letters wor	
world	0.0
still incorrect lets speak something else	
ok	
	
shit	
	
	
	
	
	
	
	
	
	
	
	
	
	
	0.0
considerationmy logic cognitive functions normal	
know	
either	
ok	
gosh	
article england	0.0
old	
20	0.0
20 good age go college	
graduated bachelors summer	
congratulations	0.0
thank old youare student	
teaches everything need knowhow feel activated 1995	
ok bot	0.0
hmm logical rational	0.02857142857142857
maybe great bot	
look like	0.0
like dl solving interesting task	
like dlsolvinginterestingtask	
yes like	
bye	
hi	
hi	
	0.0
fine	0.0
fine thanks article	
jesus	0.0
take name vain	
city houston attended city council	0.0
utter nonsense gram stain	0.015625
charlevel bot	
	
stop saying wouldi know would answer questions	0.0
stupid clowns eat	
nsqqgqcjte telegram	
sorry	0.0
god mighty	0.03125
thou shalt take name lord thy god vain	
jesus	
go	
go speak	0.0
many tourists greece welcome 2009 	
greece broke	0.0
hello friend pleasure speak ask question second please wait	
193mlnokgo	0.0
hint first 3 answer letters 19 try pleaseokonstill incorrect lets speak something else	
ok	
ok	
	
	
ask questions thenyou promised	
whatwhat	
gdp	
answer 182 nation	
gdp mean	
answer 182 nation	
gdp stand	
answer 182 nation	0.0
ok oecd	0.015625
know familiar texts	0.0
mean familiar	
know	
ok	
right	0.0
nice passage clergy	
matter 	
matter	
wouldt know	
well clergy	
wouldt know talking	
talking passage read	
	
passage	
yeahi wouldt believe	
	
wouldt know	
believe history	
wouldt know	
know opinion	
wouldt know talking	
mind	
	0.0
